e_num,message,time_taken,ground_state_energy,kinetic_energy,nuclear_potential,heisenberg_potential,pair_potential,pauli_potential,optimal_configuration
4,Converged after 1 iterations,3.529,-14.935,13.626,-36.044,1.216,6.173,0.092,"[ 0.28215043  0.28215039  1.0403302   1.04032977  3.83530593 -0.08633092
  0.98048001  3.56376234  2.20295335  1.78586106  8.14078405 -0.3525756
  3.55950069  3.55950123  0.97783068  0.97783138  2.90046151  0.82213531
  0.24113125  2.31945711  2.00494595  0.74199667  5.1465386   3.88358909]"
