Energy,Sigma_total,Sigma_single,Sigma_double
0.8733333333333333,1.413716694115407,0.2827433388230814,1.1309733552923256
