Energy,Sigma_total,Sigma_single,Sigma_double
0.29333333333333333,24.03318379996192,0.0,24.03318379996192
