Energy,Sigma_total,Sigma_single,Sigma_double
1.4533333333333334,0.2827433388230814,0.0,0.2827433388230814
