Energy,Sigma_total,Sigma_single,Sigma_double
0.1,26.29513051054657,0.0,26.29513051054657
