Energy,Sigma_total,Sigma_single,Sigma_double
0.6799999999999999,8.765043503515523,0.0,8.765043503515523
