Energy,Sigma_total,Sigma_single,Sigma_double
0.4866666666666667,21.488493750554184,0.0,21.488493750554184
