Energy,Sigma_total,Sigma_single,Sigma_double
0.1,24.881413816431163,0.5654866776461628,24.315927138785
