Energy,Sigma_total,Sigma_single,Sigma_double
0.4866666666666667,1.6964600329384882,1.413716694115407,0.2827433388230814
