Energy,Sigma_total,Sigma_single,Sigma_double
0.29333333333333333,20.640263734084943,0.2827433388230814,20.357520395261858
