Energy,Sigma_total,Sigma_single,Sigma_double
0.5,22.61946710584651,0.0,22.61946710584651
1.125,0.0,0.0,0.0
1.75,0.0,0.0,0.0
2.375,0.0,0.0,0.0
3.0,0.0,0.0,0.0
