E_final,E_electrons,L_final,type
0.9999101126367109,"[50389179514.968094, 844110468590572.8]",214584463446.01187,none
0.999879930890084,"[48862578106.57199, 844109972505645.6]",211412105158.04736,none
0.49994894341733165,"[50987277890.24585, 844110822158284.6]",152541854350.2404,none
0.49992622170626294,"[49633710437.59781, 844110437131159.1]",150631582306.9311,none
