E_final,E_electrons,L_final,type
0.9999855289488607,"[53552225413.69363, 844110189253622.1]",220814729014.75952,none
0.9999746224252348,"[53317193963.03482, 844109967612212.4]",220425645454.3647,none
0.4999321347307913,"[50051248157.50603, 844110458675356.5]",151243608063.41058,none
0.4999631434612038,"[51986930893.86436, 844110779629326.5]",153986808351.66583,none
