E_initial,L_initial,type
1.0,42.57775558107621,none
1.0,29.271547438012167,none
0.5,17.256290874826743,none
0.5,20.286631846176583,none
