E_initial,L_initial,type
1.0,108.20557861398939,none
1.0,93.87213398162952,none
1.0,90.02707171802737,none
1.0,155.35576950078558,none
1.0,157.72641364238137,none
0.5,101.96802528008058,none
0.5,90.99542720985256,none
0.5,25.580077846864345,none
0.5,44.36979643421655,none
0.5,26.668031029799135,none
