E_initial,L_initial,type
1.0,27.194015012578344,none
1.0,43.684693422484045,none
0.5,29.021330886341925,none
0.5,21.34487959501712,none
