Energy,Sigma_total,Sigma_single,Sigma_double
0.6799999999999999,22.61946710584651,0.0,22.61946710584651
