Energy,Sigma_total,Sigma_single,Sigma_double
0.1,28.274333882308138,0.0,28.274333882308138
