Energy,Sigma_total,Sigma_single,Sigma_double
0.4866666666666667,22.61946710584651,0.0,22.61946710584651
