E_final,E_electrons,L_final,type
2.1622408830428874,"[18.507466014020746, 598.0086132347176]",208.65880430229183,none
2.2681987345634123,"[30.49018750519637, 12189.764585236293]",177.09190859584027,none
2.150947819631996,"[12.814474784754127, 1881.602206501156]",199.0345445755924,none
2.5983608619499425,"[4822515681387.467, -0.024081188565466927]",62.71999750830088,none
2.3032744135636936,"[2189.6033001852625, 12175929354.60552]",226.4214032546873,none
