E_final,E_electrons,L_final,type
-0.2721090046279606,"[9.783486140277095, 67.67188154849136]",63.29641607081022,double
-0.13152735569552657,"[23415.482774111108, 2133.7787442737576]",91.15384519057271,double
0.5675026416725031,"[282011201933.9332, 2.4858539780564475]",89.96685629608785,none
-0.14717379228551022,"[82.14954775865542, 16536.936377480484]",89.67001661822074,double
-0.1508338176493018,"[48.014448941713795, 417.43556167046967]",89.36653611812278,double
