E_final,E_electrons,L_final,type
0.2983013143862446,"[35.29246669634008, 48366.211551576474]",141.99735616884772,none
0.18894666150707573,"[10626.48167004106, 2295.3627348925806]",98.80537643790653,none
0.16840746805108162,"[52838.69148573623, 0.929758275419463]",82.1417906144332,none
0.1541398812322802,"[25.636523554407983, 158.90907067684327]",95.4732591925854,none
0.0886560156612525,"[-0.2444589246615481, 0.5388487721853618]",123.68432160708431,none
