E_final,E_electrons,L_final,type
2.041914082586836,"[25.447429959613345, 1782.8053171913782]",242.92623266818822,none
2.051797707973307,"[128034163.65972218, 1.545066802410252]",244.79532440717486,none
2.0210569575837156,"[23.123938419235046, 27778.75055060493]",230.71071648007842,none
2.4125926620510607,"[2987171895390.8555, 4.721486566020539]",206.4139787163724,none
1.9359325937850955,"[50.7309346308734, 0.16659899058850852]",232.82755524717987,none
