E_final,E_electrons,L_final,type
1.0886151593132154,"[-0.038461395110418496, 4.289778325201943]",223.3784113845986,none
1.3886487557861664,"[29.108225186935027, 180.20894539475222]",178.1060905436046,none
1.1886952973818026,"[0.11565072165135838, 0.13111199646845131]",85.21647285587166,none
1.0452643167880757,"[12.530335027862403, 97678238751.82825]",50.32579449333652,none
1.4137851073605048,"[26007127615.104088, 3.483313446056269]",174.30682503828015,none
