E_final,E_electrons,L_final,type
0.6115861013151449,"[16.308824971072628, 78.61315467177609]",139.7537316565568,none
1.0442707800309474,"[-0.25971078844304224, 13231723586341.53]",26.599705204817994,none
0.4681897106393847,"[3.331811942997392, 2748.411852910528]",86.68536591214817,none
0.5970938170666579,"[20.076573331007975, 73.87043945097682]",134.03700478195134,none
0.6920900248339823,"[17.172562811297528, 689.0178979029838]",172.7975245957115,none
