E_final,E_electrons,L_final,type
2.963045672976601,"[0.09341131747501791, 4749346597012.315]",236.61403523455922,none
1.6523315718870584,"[72122.11761385806, 2.109363502093905]",229.7101354977266,none
1.3938685408199152,"[11.046369071369993, 1.226022105748761]",90.60027161834465,none
1.557766956396696,"[12.038179308750948, 9.97540167658433]",176.11332448541046,none
1.8523719584056155,"[11.46250159199964, 14218721325251.418]",51.25700051618101,none
