E_final,E_electrons,L_final,type
0.8675922577129368,"[1610199732574.2883, 0.7597568636668792]",110.44549733034391,none
0.48434125451857085,"[1.4539675347414034, 1.09413547627539]",99.83526732966197,none
0.35988427614079954,"[188.3649491981737, 2.053965841205187]",130.0743207074202,none
0.27753169424389423,"[20.736516974866536, 5603.951812993977]",81.06279911734748,none
0.5294571713718537,"[228002483008.25772, 3.0902739056790685]",72.60088296941639,none
