E_final,E_electrons,L_final,type
0.9739126992363427,"[0.2062904724207995, 60006.572589935124]",135.4304727054743,none
0.6322524723464003,"[72.53841913799415, 0.21189877835669554]",13.665404555141507,none
1.37894511624808,"[57.86661215529948, 6834428444579.36]",155.53159954545765,none
1.3902566196560027,"[25.622036572478425, 6496464580010.677]",145.27417641099478,none
0.6885432113878595,"[36.52349862467884, 9843.914665206774]",25.468852234121297,none
