E_final,E_electrons,L_final,type
0.7967338067132299,"[4196304919.8265815, -0.08311058447816616]",188.79988114467122,none
1.031948140065722,"[0.4083559126217172, 29022305.573809914]",145.692101508468,none
0.6648159874919868,"[162.18354060751838, -0.21713463739130762]",135.72132767456847,none
0.8177200647749292,"[19.033759533680115, 300.2359576267255]",155.45429175995247,none
0.7397403063006938,"[286.1653819041103, 1.946792425924849]",97.56586974308208,none
