E_final,E_electrons,L_final,type
1.1134241609449895,"[55.4185183997238, 4626.637410134299]",129.840845740351,none
1.0580562338178272,"[0.10742860102704417, 0.9007203344673657]",106.33720596717822,none
0.7888160958915532,"[-0.48900685930429255, 4.226209998296513]",172.723699452222,none
1.2854355337582877,"[10.577186953331717, 1459.1329561046173]",216.2922777887318,none
1.3224976249493117,"[145.13163060792112, 719674.8872361745]",193.7608561911538,none
