E_final,E_electrons,L_final,type
-0.5021939047996509,"[138.52612491107422, 802542.4042386728]",44.02746259881183,double
-0.5266892654699962,"[11.556485369174519, 0.6147535334286182]",33.431773472480536,double
-0.662311311763677,"[13.636928221131093, 356.59916277027304]",29.245618829067457,double
-0.12447117327466733,"[2129706858248.7869, 1.602822165004595]",49.800020148994655,double
-0.5732102227388038,"[14.874364694644363, 0.5605895719680662]",35.233249217891405,double
