E_initial,L_initial,type
0.6799999999999999,93.8583254004288,none
0.6799999999999999,70.81618301863055,double
0.6799999999999999,76.1915057942128,double
0.6799999999999999,66.4240498465456,double
0.6799999999999999,82.33046505973047,double
