E_initial,L_initial,type
0.8733333333333333,141.87784086619925,none
0.8733333333333333,98.95173269028687,none
0.8733333333333333,81.24934078616516,none
0.8733333333333333,95.43710000512218,none
0.8733333333333333,124.16548860805722,none
