E_initial,L_initial,type
0.29333333333333333,62.33224231202938,double
0.29333333333333333,81.09000893758245,double
0.29333333333333333,64.02264196376579,double
0.29333333333333333,85.64111199632359,none
0.29333333333333333,73.04674898220287,double
