E_initial,L_initial,type
1.26,139.85608862956073,none
1.26,27.139315193397625,none
1.26,86.60979790349693,none
1.26,134.04991906881665,none
1.26,172.8265341654273,none
