E_initial,L_initial,type
0.1,44.00676938150252,double
0.1,34.13704846702353,double
0.1,28.76288004524736,double
0.1,49.21723192254254,double
0.1,40.417624369024054,double
