E_initial,L_initial,type
1.0666666666666667,109.71055346946989,none
1.0666666666666667,97.80919972159906,none
1.0666666666666667,130.29077039971773,none
1.0666666666666667,81.48893205256778,none
1.0666666666666667,71.53928505299979,none
