E_initial,L_initial,type
1.84,129.66247758425365,none
1.84,106.55511388261648,none
1.84,170.89433767693654,none
1.84,216.34496371893496,none
1.84,192.7418929411187,none
