E_initial,L_initial,type
2.42,135.3401074038119,none
2.42,160.68106209390913,none
2.42,170.81296849797366,none
2.42,95.28598067563951,none
2.42,104.50665686500132,none
