E_initial,L_initial,type
1.4533333333333334,188.13024541545434,none
1.4533333333333334,144.70581812876046,none
1.4533333333333334,138.27549031709339,none
1.4533333333333334,155.56711056866504,none
1.4533333333333334,97.84787311460147,none
