E_initial,L_initial,type
0.4866666666666667,63.48418740718845,double
0.4866666666666667,90.50313800172141,double
0.4866666666666667,89.33228378820654,none
0.4866666666666667,89.35793251990978,double
0.4866666666666667,89.30168391876106,double
