E_initial,L_initial,type
2.8066666666666666,208.57257351012476,none
2.8066666666666666,176.80952420582193,none
2.8066666666666666,198.9861006067158,none
2.8066666666666666,63.2233810546236,none
2.8066666666666666,226.24290389041644,none
