E_initial,L_initial,type
2.2266666666666666,235.73126224350864,none
2.2266666666666666,227.9400163147009,none
2.2266666666666666,89.54888703783074,none
2.2266666666666666,176.878074238753,none
2.2266666666666666,50.89246972875237,none
