E_initial,L_initial,type
3.0,259.7896385844982,none
3.0,106.65926546985737,none
3.0,255.01194278613306,none
3.0,212.82457496190747,none
3.0,276.27603552507935,none
