E_initial,L_initial,type
1.6466666666666667,135.1738942664846,none
1.6466666666666667,14.724673273229712,none
1.6466666666666667,155.4299571801695,none
1.6466666666666667,145.65323193732388,none
1.6466666666666667,25.266128446462517,none
