Energy,Sigma_total,Sigma_single,Sigma_double
1.4006666666666667,0.25132741228718347,0.06283185307179587,0.18849555921538758
