Energy,Sigma_total,Sigma_single,Sigma_double
0.5066666666666666,2.827433388230814,0.8482300164692441,1.9792033717615698
