Energy,Sigma_total,Sigma_single,Sigma_double
0.9039999999999999,1.837831702350029,0.7068583470577035,1.1309733552923256
