Energy,Sigma_total,Sigma_single,Sigma_double
2.42,0.031415926535897934,0.031415926535897934,0.0
