Energy,Sigma_total,Sigma_single,Sigma_double
1.0666666666666667,2.5446900494077322,0.2827433388230814,2.261946710584651
