Energy,Sigma_total,Sigma_single,Sigma_double
0.8733333333333333,1.9792033717615698,0.5654866776461628,1.413716694115407
