Energy,Sigma_total,Sigma_single,Sigma_double
1.5,0.12566370614359174,0.0,0.12566370614359174
