Energy,Sigma_total,Sigma_single,Sigma_double
1.202,0.8168140899333463,0.18849555921538758,0.6283185307179586
