Energy,Sigma_total,Sigma_single,Sigma_double
0.308,4.665265090580843,1.837831702350029,2.827433388230814
