Energy,Sigma_total,Sigma_single,Sigma_double
1.1026666666666667,1.6964600329384882,0.9896016858807849,0.7068583470577035
