Energy,Sigma_total,Sigma_single,Sigma_double
0.4073333333333333,3.1101767270538954,0.9896016858807849,2.1205750411731104
