Energy,Sigma_total,Sigma_single,Sigma_double
0.10933333333333332,16.116370312915638,5.796238445873168,10.320131867042472
