Energy,Sigma_total,Sigma_single,Sigma_double
0.1,26.29513051054657,0.5654866776461628,25.729643832900408
