Energy,Sigma_total,Sigma_single,Sigma_double
1.0666666666666667,0.2827433388230814,0.2827433388230814,0.0
