Energy,Sigma_total,Sigma_single,Sigma_double
0.8733333333333333,0.5654866776461628,0.5654866776461628,0.0
