Energy,Sigma_total,Sigma_single,Sigma_double
0.29333333333333333,20.074777056438776,0.2827433388230814,19.7920337176157
