Energy,Sigma_total,Sigma_single,Sigma_double
0.6799999999999999,1.6964600329384882,0.8482300164692441,0.8482300164692441
