Energy,Sigma_total,Sigma_single,Sigma_double
0.4866666666666667,13.288936924684824,0.5654866776461628,12.723450247038661
