p_num,e_num,message,time_taken,ground_state_energy,kinetic_energy,nuclear_potential,heisenberg_potential,pair_potential,pauli_potential,optimal_configuration
23,23,NOT Converged after 20 iterations,989.573,-929.395,851.536,-2150.987,42.629,292.194,35.233,"[  0.60132022   2.2048312    1.93162542   0.3029145    0.04107485
   1.54690427   1.16102389   0.11809945   0.29454079   0.29306458
   0.75134033   1.17677218   0.30143163   1.86262724   3.5637848
   0.04110235   0.63014222   0.86361236   1.9580435    0.61541765
   0.11838525   0.62233696   1.13924605  -0.19321407  23.88991488
   0.55996958  -1.12823918   1.79201204  -5.77468853  -1.33238471
   7.21294721   1.57153373 -21.90500977   2.69266994  -2.51640471
  14.49278174   4.36688548  -3.51197443 -14.73949756   4.68624871
  -1.94958327   4.61574665   1.2073694   -1.31453385  -5.04320742
  10.658796   -13.75332312  11.44810948  -3.02234987   3.22772732
  -8.30156608  12.29512175   8.34055621   3.35315125  11.52379604
  11.37459979   4.81232706  -1.64404674   9.46064259   1.17422293
  -2.50362138   3.39877059  -2.04053504  15.5341422   16.26960947
  14.88799042  23.15481717   4.04337749  -0.21366939   3.67613428
   0.87725399   1.12011911   6.253016    24.73653878   1.41603122
   1.83406859  10.93422888   6.42816725   6.44267776   3.09691012
   1.94828307   6.34810665   0.94339997   0.351905    24.72033451
   3.3813255    2.68623294   0.88147963   3.35569605  10.86139616
   3.27083425   1.90614703   1.07468077  14.8504323    2.0814476
   0.84523016  -1.54353558   1.45883892  14.72694913   3.30264822
  -0.73392468   1.23753462   4.59319171  12.26834039  -8.6336026
  -4.81024514   8.55242909  -0.13236487  10.47855405   3.36233982
  11.68863936   1.73551295 -17.23732641  14.17836598  11.88976797
   5.31547684   3.34741728  -2.84204887   1.13566975  -2.26060645
   7.29091493   6.85904113   4.30200437   4.85726348  10.55740005
   7.25502887  11.6425431    3.37143698   5.2516818   14.03046133
   1.17002755  -0.82777197   1.2649316    1.839185     5.91244182
  -2.2472475   -3.6153192   10.73311323]"
