Energy,Sigma_total,Sigma_partial,Sigma_full
2.336666666666667,0.031415926535897934,0.031415926535897934,0.0
