Energy,Sigma_total,Sigma_partial,Sigma_full
0.342,3.1101767270538954,1.413716694115407,1.6964600329384882
