Energy,Sigma_total,Sigma_partial,Sigma_full
0.7080000000000001,0.2827433388230814,0.2827433388230814,0.0
