Energy,Sigma_total,Sigma_partial,Sigma_full
0.2426666666666667,8.765043503515523,7.351326809400116,1.413716694115407
