Energy,Sigma_total,Sigma_partial,Sigma_full
0.4753333333333334,1.9792033717615698,1.413716694115407,0.5654866776461628
