Energy,Sigma_total,Sigma_partial,Sigma_full
1.6386666666666667,0.12566370614359174,0.0,0.12566370614359174
