Energy,Sigma_total,Sigma_partial,Sigma_full
2.802,0.06283185307179587,0.031415926535897934,0.031415926535897934
