Energy,Sigma_total,Sigma_partial,Sigma_full
0.674,1.1309733552923256,0.2827433388230814,0.8482300164692441
