Energy,Sigma_total,Sigma_single,Sigma_double
0.10933333333333332,22.61946710584651,4.523893421169302,18.09557368467721
