Energy,Sigma_total,Sigma_single,Sigma_double
0.8046666666666666,4.523893421169302,0.0,4.523893421169302
