Energy,Sigma_total,Sigma_single,Sigma_double
0.308,6.503096792930871,1.9792033717615698,4.523893421169302
