Energy,Sigma_total,Sigma_single,Sigma_double
2.033333333333333,0.25132741228718347,0.25132741228718347,0.0
