Energy,Sigma_total,Sigma_single,Sigma_double
0.606,3.3929200658769765,1.413716694115407,1.9792033717615698
