Energy,Sigma_total,Sigma_single,Sigma_double
1.1026666666666667,2.5446900494077322,0.5654866776461628,1.9792033717615698
