Energy,Sigma_total,Sigma_single,Sigma_double
0.606,9.047786842338605,4.523893421169302,4.523893421169302
