Energy,Sigma_total,Sigma_single,Sigma_double
0.10933333333333332,15.833626974092558,6.785840131753953,9.047786842338605
