Energy,Sigma_total,Sigma_single,Sigma_double
1.6466666666666667,0.37699111843077515,0.0,0.37699111843077515
