Energy,Sigma_total,Sigma_single,Sigma_double
1.0033333333333332,3.1101767270538954,1.1309733552923256,1.9792033717615698
