Energy,Sigma_total,Sigma_single,Sigma_double
1.202,1.382300767579509,0.7539822368615503,0.6283185307179586
