Energy,Sigma_total,Sigma_single,Sigma_double
0.308,13.571680263507906,4.523893421169302,9.047786842338605
