Energy,Sigma_total,Sigma_single,Sigma_double
0.8046666666666666,3.675663404700058,1.1309733552923256,2.5446900494077322
