Energy,Sigma_total,Sigma_single,Sigma_double
1.0033333333333332,4.523893421169302,4.523893421169302,0.0
