Energy,Sigma_total,Sigma_single,Sigma_double
0.4073333333333333,6.220353454107791,1.413716694115407,4.806636759992384
