Energy,Sigma_total,Sigma_single,Sigma_double
0.5066666666666666,4.523893421169302,1.6964600329384882,2.827433388230814
