Energy,Sigma_total,Sigma_single,Sigma_double
0.7053333333333334,1.6964600329384882,0.5654866776461628,1.1309733552923256
