Energy,Sigma_total,Sigma_single,Sigma_double
1.3013333333333332,0.5026548245743669,0.12566370614359174,0.37699111843077515
