Energy,Sigma_total,Sigma_single,Sigma_double
0.20866666666666667,7.351326809400116,1.413716694115407,5.937610115284709
