Energy,Sigma_total,Sigma_partial,Sigma_full
1.1720000000000002,0.8482300164692441,0.8482300164692441,0.0
