Energy,Sigma_total,Sigma_partial,Sigma_full
0.01,28.274333882308138,1.1309733552923256,27.143360527015812
