Energy,Sigma_total,Sigma_partial,Sigma_full
2.334,0.031415926535897934,0.0,0.031415926535897934
