Energy,Sigma_total,Sigma_partial,Sigma_full
0.508,1.9792033717615698,0.8482300164692441,1.1309733552923256
