Energy,Sigma_total,Sigma_partial,Sigma_full
0.17600000000000002,9.047786842338605,4.241150082346221,4.806636759992384
