electron,r_mean,r_std,p_mean,p_std
1,134.9347880597472,150.5781727063598,0.7803917679906154,0.6336578100978522
2,197.38844776280018,185.23106265091258,0.709204729464774,0.6105397233341424
atom,E_mean,E_std
total_time,2500.0
component,mean,std
Kinetic,4088.703285977064,29559.161573139176
Electron-Nucleus,-2.2741647811243384,3.1002139970105738
Electron-Electron,0.26439428839262324,0.3946119428735495
Heisenberg,0.23234068530807214,0.34248041524376044
Pauli,0.0,0.0
Total Energy,4082.080468431974,29539.12227474258
