electron,r_mean,r_std,p_mean,p_std
1,256.83961281788606,191.89249136528247,0.4827478481923726,0.4835742036779428
2,0.8818973420272589,0.5878697113714604,1.4313116846519607,0.49929432715882766
atom,E_mean,E_std
total_time,2500.0
component,mean,std
Kinetic,2.93548011956054,8.853077546462139
Electron-Nucleus,-3.376568276391289,1.8064985295067777
Electron-Electron,0.13740943980785245,0.3079594921324609
Heisenberg,0.12087380079845302,0.15310302156765804
Pauli,0.0,0.0
Total Energy,-2.37809935891294,1.4855827877030605
