# Element: He, Time interval: 2500.00 a.u.
electron,r_mean,r_std,p_mean,p_std
1,134.9347880597472,150.5781727063598,0.7803917679906154,0.6336578100978522
2,197.38844776280018,185.23106265091258,0.709204729464774,0.6105397233341424
atom,E_mean,E_std
total_time,2500.0
component,mean,std
Kinetic,4.282527459127314,24.07059597114121
Electron-Nucleus,-2.2741647811243384,3.1002139970105738
Electron-Electron,0.26439428839262324,0.3946119428735495
Heisenberg,0.09032722372574523,0.13569473649667677
Pauli,0.0,0.0
Total Energy,-2.4823035475443413,4.020658644653978
