Energy,Sigma_total,Sigma_single,Sigma_double
0.1,18.37831702350029,0.5654866776461628,17.812830345854128
