Energy,Sigma_total,Sigma_single,Sigma_double
0.29333333333333333,0.8482300164692441,0.8482300164692441,0.0
