Energy,Sigma_total,Sigma_single,Sigma_double
1.1026666666666667,0.5654866776461628,0.2827433388230814,0.2827433388230814
