Energy,Sigma_total,Sigma_single,Sigma_double
1.3013333333333332,0.18849555921538758,0.06283185307179587,0.12566370614359174
