Energy,Sigma_total,Sigma_single,Sigma_double
0.10933333333333332,20.216148725850317,5.937610115284709,14.278538610565612
