Energy,Sigma_total,Sigma_single,Sigma_double
0.20866666666666667,9.471901850573227,6.07898178469625,3.3929200658769765
