Energy,Sigma_total,Sigma_single,Sigma_double
0.4073333333333333,4.09977841293468,2.403318379996192,1.6964600329384882
