Energy,Sigma_total,Sigma_single,Sigma_double
0.9039999999999999,1.2723450247038661,0.5654866776461628,0.7068583470577035
