Energy,Sigma_total,Sigma_single,Sigma_double
0.8046666666666666,1.5550883635269477,0.7068583470577035,0.8482300164692441
