Energy,Sigma_total,Sigma_single,Sigma_double
0.5066666666666666,3.2515483964654357,1.837831702350029,1.413716694115407
