Energy,Sigma_total,Sigma_single,Sigma_double
1.0033333333333332,0.8482300164692441,0.1413716694115407,0.7068583470577035
