Energy,Sigma_total,Sigma_single,Sigma_double
1.202,0.37699111843077515,0.06283185307179587,0.3141592653589793
