Energy,Sigma_total,Sigma_single,Sigma_double
0.606,2.5446900494077322,1.5550883635269477,0.9896016858807849
