Energy,Sigma_total,Sigma_single,Sigma_double
0.308,6.07898178469625,3.2515483964654357,2.827433388230814
