Energy,Sigma_total,Sigma_single,Sigma_double
0.01,27.001988857604275,2.261946710584651,24.740042147019622
