Energy,Sigma_total,Sigma_single,Sigma_double
0.7053333333333334,1.9792033717615698,0.9896016858807849,0.9896016858807849
