electron,r_mean,r_std,p_mean,p_std
1,0.5714370822151321,1.2799285568420152e-05,1.6685471887492485,3.8334178031402584e-05
2,0.571434966341084,8.347202966566075e-06,1.6685534766713603,2.5972703970659792e-05
atom,E_mean,E_std
total_time,50.0
component,mean,std
Kinetic,2.784439275515222,7.511906037655605e-05
Electron-Nucleus,-6.999908706310597,9.127587350226776e-05
Electron-Electron,0.8749885886876766,1.1409521605031481e-05
Heisenberg,0.27839780993679186,2.2474121206373163e-05
Pauli,0.0,0.0
Total Energy,-3.062083032170904,1.0230967052595494e-08
