p_num,e_num,message,time_taken,ground_state_energy,kinetic_energy,nuclear_potential,heisenberg_potential,pair_potential,pauli_potential,optimal_configuration
19,19,NOT Converged after 20 iterations,423.740,-596.667,546.304,-1380.670,28.544,187.333,21.821,"[  0.05063798   0.3771279    0.79814433   0.14469308   0.37376152
   1.47106504   2.70237774   0.05067618   3.06137721   0.36544539
   1.51861552   1.4581062    0.14605869   0.78970335   0.79018796
   0.79806492   1.77510188   2.916518     0.37041934   1.02796755
   3.10231789   8.12852555   1.13981959   0.18276661   1.07174903
  -4.30512586   4.24654854  -1.86908686   1.03365151  -6.06200767
  -3.28857616  -2.09418558   1.29952855   4.25349753   5.00575225
  -1.69410369   1.28481155   8.24465371  -7.45719788   7.99896405
   7.44814706   3.66731577  -2.95191294   6.58432394   4.11052533
  -2.5516209    4.61962861   6.69221561   2.8018284   12.60100357
  11.46144903   2.39864482  12.78917514   1.40055297   2.45082466
  28.18270188  -0.86130641  20.04736762   4.94014365   2.28606956
   9.02128237   5.2282192    1.34677744   0.7238667   20.03482309
   0.45720608   4.97991844   1.31348194   1.31400835   8.81529552
   2.42992051   2.33513368   2.37345938   1.30733666   0.35021397
   4.86195034   0.68918614   5.14102726  -4.93706154  -0.99273923
 -25.68717946  -1.24051075  -7.03161314  10.43860071   8.37391438
   3.05666884   1.07411732   9.24347219  16.39989422  -5.02060065
   4.09971669  -1.29938003  16.17783846  -7.21520203  -1.64651283
   6.86332756 -14.33509616   2.94048859   1.41985389  14.32779279
  -1.87426163   0.31833651   4.56015446  11.60886861  10.28886211
   7.03349936  17.40698754   6.86618736  -0.65387532   2.17672552
   6.41834585   4.9229796    6.46663485   4.24542523]"
