p_num,e_num,message,time_taken,ground_state_energy,kinetic_energy,nuclear_potential,heisenberg_potential,pair_potential,pauli_potential,optimal_configuration
26,26,NOT Converged after 20 iterations,1603.689,-1234.990,1132.134,-2846.674,55.001,376.689,47.860,"[  1.56886497   0.03591661   0.53180084   0.97433557   0.68826729
   0.10285769   0.986869     0.25558758   1.50153562   0.6421683
   0.25579429   1.71095082   1.74019167   3.34992463   0.0358752
   0.97036487   0.97257421   0.26109525   0.25913144   0.51039931
   0.10248185   0.54099677   0.52455052   1.57787749   2.74324162
   3.15032506  -5.01434373  -1.57401343  11.46540744   8.33517263
   9.51468507   7.81055818  -8.13616296   3.97100853   1.52574502
   2.11797275  -1.96499814   5.33770064  -7.01670867   4.46744536
   3.66812827   0.60339059   4.58521312  -5.41101097  -8.41826488
   7.33415865   0.50107975   1.72403646  -0.43518909   8.52703983
  -3.1268467    7.50814285  -3.58035648  10.76581015  -1.32874323
   8.5631203   -8.20541434  -8.09242695  13.26280452  -1.0764034
  -5.22458905   6.78640119  15.57048124  25.72640013  -4.39854314
  -7.4334554   14.50940471   0.6317176    2.83173825  -5.80776387
   6.71446624   9.72233422   1.9958304   -7.78352903   7.84968816
  23.92535701  12.22054799  12.60455516   1.46971298  28.30848578
   3.98923723   2.10738993   3.43048414  12.58326106   2.33895388
   7.41022204   1.49881174   3.61873524   7.31586199   1.22578764
   1.31170427   0.45952898  28.3437547    2.10490761   2.34118046
   7.34371851   7.4234957    4.39458327  12.67155522   4.05977483
   4.10811149   1.24294253   0.3839295    0.58734986   4.63910629
  -0.25804174 -13.90298259   5.15424201   0.4907658    3.37977302
  -1.97510183   0.8360768   -1.38880661   3.33410602  14.22511796
 -22.54676069   6.68725858   4.8825119    2.69373104  11.75451722
  -3.78216807   5.03575294  -2.49141245   4.50451456   0.45848694
  -1.45083654   1.66742021  -4.75376712   1.94125167  13.86082838
   7.18131159   6.54794059 -26.15722845   6.10365054  10.64713494
   3.38933601  16.53108867   6.38237485   2.8991549    9.13562369
 -18.2553275   -4.75311172 -10.54596977   9.35159914   7.31928769
   9.48013772  21.89283202   6.33982109   6.5397029   14.19402751
  10.45207157   4.74840457  17.75235165  -7.80970332  14.72151398
   2.59965192]"
