Energy,Sigma_total,Sigma_single,Sigma_double
0.29333333333333333,19.226547039969535,0.0,19.226547039969535
