Energy,Sigma_total,Sigma_single,Sigma_double
0.6799999999999999,0.5654866776461628,0.5654866776461628,0.0
