Energy,Sigma_total,Sigma_single,Sigma_double
0.1,25.446900494077322,0.2827433388230814,25.164157155254244
