Energy,Sigma_total,Sigma_single,Sigma_double
0.4866666666666667,1.413716694115407,0.0,1.413716694115407
