Energy,Sigma_total,Sigma_partial,Sigma_full
0.7053333333333334,1.837831702350029,1.5550883635269477,0.2827433388230814
