Energy,Sigma_total,Sigma_partial,Sigma_full
0.5066666666666666,2.686061718819273,2.1205750411731104,0.5654866776461628
