Energy,Sigma_total,Sigma_partial,Sigma_full
1.0033333333333332,0.8482300164692441,0.5654866776461628,0.2827433388230814
