Energy,Sigma_total,Sigma_partial,Sigma_full
0.606,2.686061718819273,2.261946710584651,0.42411500823462206
