Energy,Sigma_total,Sigma_partial,Sigma_full
1.202,0.6283185307179586,0.37699111843077515,0.25132741228718347
