Energy,Sigma_total,Sigma_partial,Sigma_full
1.1026666666666667,0.9896016858807849,0.8482300164692441,0.1413716694115407
