Energy,Sigma_total,Sigma_partial,Sigma_full
1.3013333333333332,0.43982297150257105,0.3141592653589793,0.12566370614359174
