Energy,Sigma_total,Sigma_partial,Sigma_full
0.8046666666666666,1.5550883635269477,1.413716694115407,0.1413716694115407
