Energy,Sigma_total,Sigma_partial,Sigma_full
1.5,0.3141592653589793,0.25132741228718347,0.06283185307179587
