Energy,Sigma_total,Sigma_partial,Sigma_full
0.20866666666666667,14.702653618800232,12.29933523880404,2.403318379996192
