Energy,Sigma_total,Sigma_partial,Sigma_full
0.4073333333333333,6.361725123519331,5.230751768227005,1.1309733552923256
