Energy,Sigma_total,Sigma_partial,Sigma_full
0.10933333333333332,19.933405387027236,14.985396957623314,4.948008429403925
