Energy,Sigma_total,Sigma_single,Sigma_double
0.7053333333333334,2.1205750411731104,0.42411500823462206,1.6964600329384882
