Energy,Sigma_total,Sigma_single,Sigma_double
0.8046666666666666,1.837831702350029,0.42411500823462206,1.413716694115407
