Energy,Sigma_total,Sigma_single,Sigma_double
0.606,2.403318379996192,0.7068583470577035,1.6964600329384882
