Energy,Sigma_total,Sigma_single,Sigma_double
0.20866666666666667,7.916813487046279,3.5342917352885173,4.3825217517577615
