Energy,Sigma_total,Sigma_single,Sigma_double
1.202,0.8168140899333463,0.5654866776461628,0.25132741228718347
