Energy,Sigma_total,Sigma_single,Sigma_double
0.4073333333333333,3.1101767270538954,2.261946710584651,0.8482300164692441
