Energy,Sigma_total,Sigma_single,Sigma_double
0.01,27.99159054348506,27.426103865838897,0.5654866776461628
