Energy,Sigma_total,Sigma_single,Sigma_double
0.8046666666666666,1.837831702350029,1.1309733552923256,0.7068583470577035
