Energy,Sigma_total,Sigma_single,Sigma_double
0.20866666666666667,7.916813487046279,6.503096792930871,1.413716694115407
