Energy,Sigma_total,Sigma_single,Sigma_double
0.606,2.403318379996192,1.837831702350029,0.5654866776461628
