Energy,Sigma_total,Sigma_single,Sigma_double
1.0033333333333332,1.837831702350029,1.5550883635269477,0.2827433388230814
