Energy,Sigma_total,Sigma_single,Sigma_double
0.5066666666666666,2.827433388230814,2.261946710584651,0.5654866776461628
