Energy,Sigma_total,Sigma_single,Sigma_double
0.308,4.665265090580843,3.2515483964654357,1.413716694115407
