Energy,Sigma_total,Sigma_single,Sigma_double
1.5,0.18849555921538758,0.18849555921538758,0.0
