Energy,Sigma_total,Sigma_single,Sigma_double
0.9039999999999999,1.837831702350029,1.6964600329384882,0.1413716694115407
