Energy,Sigma_total,Sigma_single,Sigma_double
0.10933333333333332,16.116370312915638,11.309733552923255,4.806636759992384
