Energy,Sigma_total,Sigma_partial,Sigma_full
1.202,0.43982297150257105,0.12566370614359174,0.3141592653589793
