Energy,Sigma_total,Sigma_partial,Sigma_full
0.4073333333333333,2.5446900494077322,1.2723450247038661,1.2723450247038661
