Energy,Sigma_total,Sigma_partial,Sigma_full
0.20866666666666667,11.592476891746337,5.513495107050087,6.07898178469625
