Energy,Sigma_total,Sigma_partial,Sigma_full
0.8046666666666666,0.42411500823462206,0.1413716694115407,0.2827433388230814
