Energy,Sigma_total,Sigma_partial,Sigma_full
0.308,3.5342917352885173,1.9792033717615698,1.5550883635269477
