Energy,Sigma_total,Sigma_partial,Sigma_full
0.7053333333333334,0.7068583470577035,0.1413716694115407,0.5654866776461628
