Energy,Sigma_total,Sigma_partial,Sigma_full
1.5,0.25132741228718347,0.06283185307179587,0.18849555921538758
