Energy,Sigma_total,Sigma_partial,Sigma_full
1.3013333333333332,0.3141592653589793,0.06283185307179587,0.25132741228718347
