Energy,Sigma_total,Sigma_partial,Sigma_full
1.0033333333333332,0.1413716694115407,0.0,0.1413716694115407
