Energy,Sigma_total,Sigma_partial,Sigma_full
0.606,0.9896016858807849,0.5654866776461628,0.42411500823462206
