Energy,Sigma_total,Sigma_partial,Sigma_full
1.4006666666666667,0.12566370614359174,0.06283185307179587,0.06283185307179587
