Energy,Sigma_total,Sigma_partial,Sigma_full
1.202,0.5654866776461628,0.25132741228718347,0.3141592653589793
