Energy,Sigma_total,Sigma_partial,Sigma_full
0.10933333333333332,21.629865419965725,10.744246875277092,10.885618544688633
