Energy,Sigma_total,Sigma_partial,Sigma_full
0.5066666666666666,1.413716694115407,0.42411500823462206,0.9896016858807849
