Energy,Sigma_total,Sigma_partial,Sigma_full
0.5066666666666666,1.5550883635269477,0.5654866776461628,0.9896016858807849
