Energy,Sigma_total,Sigma_partial,Sigma_full
0.10933333333333332,20.92300707290802,10.744246875277092,10.178760197630929
