Energy,Sigma_total,Sigma_partial,Sigma_full
1.1026666666666667,0.7068583470577035,0.2827433388230814,0.42411500823462206
