Energy,Sigma_total,Sigma_partial,Sigma_full
0.01,26.012387171723486,4.523893421169302,21.488493750554184
