Energy,Sigma_total,Sigma_partial,Sigma_full
0.308,3.817035074111599,2.261946710584651,1.5550883635269477
