Energy,Sigma_total,Sigma_partial,Sigma_full
1.0033333333333332,0.42411500823462206,0.0,0.42411500823462206
