Energy,Sigma_total,Sigma_partial,Sigma_full
0.4073333333333333,2.827433388230814,1.837831702350029,0.9896016858807849
