Energy,Sigma_total,Sigma_partial,Sigma_full
0.9039999999999999,0.5654866776461628,0.2827433388230814,0.2827433388230814
