Energy,Sigma_total,Sigma_partial,Sigma_full
1.1026666666666667,0.1413716694115407,0.0,0.1413716694115407
