Energy,Sigma_total,Sigma_single,Sigma_double
0.9039999999999999,1.6964600329384882,0.2827433388230814,1.413716694115407
