Energy,Sigma_total,Sigma_single,Sigma_double
0.606,2.261946710584651,0.9896016858807849,1.2723450247038661
