Energy,Sigma_total,Sigma_single,Sigma_double
0.4073333333333333,3.2515483964654357,1.413716694115407,1.837831702350029
