Energy,Sigma_total,Sigma_single,Sigma_double
0.308,4.523893421169302,1.837831702350029,2.686061718819273
