Energy,Sigma_total,Sigma_single,Sigma_double
1.202,0.8796459430051421,0.3141592653589793,0.5654866776461628
