Energy,Sigma_total,Sigma_single,Sigma_double
0.5066666666666666,2.5446900494077322,0.9896016858807849,1.5550883635269477
