Energy,Sigma_total,Sigma_single,Sigma_double
0.20866666666666667,8.19955682586936,3.675663404700058,4.523893421169302
