Energy,Sigma_total,Sigma_single,Sigma_double
1.1026666666666667,1.5550883635269477,0.7068583470577035,0.8482300164692441
