Energy,Sigma_total,Sigma_single,Sigma_double
0.8046666666666666,2.1205750411731104,0.7068583470577035,1.413716694115407
