Energy,Sigma_total,Sigma_single,Sigma_double
0.10933333333333332,15.974998643504097,5.372123437638546,10.602875205865553
