Energy,Sigma_total,Sigma_single,Sigma_double
1.0033333333333332,1.6964600329384882,0.42411500823462206,1.2723450247038661
