Energy,Sigma_total,Sigma_single,Sigma_double
0.7053333333333334,2.1205750411731104,0.5654866776461628,1.5550883635269477
