Energy,Sigma_total,Sigma_partial,Sigma_full
1.8713333333333335,0.06283185307179587,0.0,0.06283185307179587
