Energy,Sigma_total,Sigma_partial,Sigma_full
3.034666666666667,0.047123889803846894,0.015707963267948967,0.031415926535897934
