Energy,Sigma_total,Sigma_partial,Sigma_full
1.4006666666666667,0.18849555921538758,0.06283185307179587,0.12566370614359174
