Energy,Sigma_total,Sigma_partial,Sigma_full
1.1733333333333336,0.2827433388230814,0.2827433388230814,0.0
