Energy,Sigma_total,Sigma_partial,Sigma_full
0.8046666666666666,0.8482300164692441,0.42411500823462206,0.42411500823462206
