Energy,Sigma_total,Sigma_partial,Sigma_full
0.5066666666666666,4.09977841293468,2.9688050576423546,1.1309733552923256
