Energy,Sigma_total,Sigma_partial,Sigma_full
0.308,11.875220230569418,9.330530181161686,2.5446900494077322
