Energy,Sigma_total,Sigma_partial,Sigma_full
1.1026666666666667,0.5654866776461628,0.42411500823462206,0.1413716694115407
