Energy,Sigma_total,Sigma_partial,Sigma_full
0.606,1.413716694115407,0.7068583470577035,0.7068583470577035
