Energy,Sigma_total,Sigma_partial,Sigma_full
0.7080000000000001,1.1309733552923256,0.5654866776461628,0.5654866776461628
