Energy,Sigma_total,Sigma_partial,Sigma_full
0.5066666666666666,3.9584067435231396,2.403318379996192,1.5550883635269477
