Energy,Sigma_total,Sigma_partial,Sigma_full
0.20866666666666667,16.116370312915638,13.288936924684824,2.827433388230814
