Energy,Sigma_total,Sigma_partial,Sigma_full
0.7053333333333334,0.9896016858807849,0.2827433388230814,0.7068583470577035
