Energy,Sigma_total,Sigma_partial,Sigma_full
1.202,0.43982297150257105,0.0,0.43982297150257105
