Energy,Sigma_total,Sigma_partial,Sigma_full
3.5,0.015707963267948967,0.0,0.015707963267948967
