Energy,Sigma_total,Sigma_partial,Sigma_full
0.606,1.5550883635269477,0.42411500823462206,1.1309733552923256
