Energy,Sigma_total,Sigma_partial,Sigma_full
0.9406666666666668,0.1413716694115407,0.1413716694115407,0.0
