Energy,Sigma_total,Sigma_partial,Sigma_full
0.01,28.274333882308138,4.806636759992384,23.467697122315755
