Energy,Sigma_total,Sigma_partial,Sigma_full
1.3013333333333332,0.37699111843077515,0.12566370614359174,0.25132741228718347
