Energy,Sigma_total,Sigma_partial,Sigma_full
1.5,0.25132741228718347,0.0,0.25132741228718347
