Energy,Sigma_total,Sigma_partial,Sigma_full
0.2426666666666667,11.026990214100174,8.623671834103982,2.403318379996192
