Energy,Sigma_total,Sigma_partial,Sigma_full
0.4753333333333334,2.261946710584651,1.2723450247038661,0.9896016858807849
