Energy,Sigma_total,Sigma_partial,Sigma_full
0.7053333333333334,1.1309733552923256,0.8482300164692441,0.2827433388230814
