Energy,Sigma_total,Sigma_partial,Sigma_full
0.20866666666666667,15.692255304681016,12.582078577627122,3.1101767270538954
