Energy,Sigma_total,Sigma_partial,Sigma_full
0.308,11.875220230569418,9.471901850573227,2.403318379996192
