Energy,Sigma_total,Sigma_partial,Sigma_full
1.202,0.12566370614359174,0.0,0.12566370614359174
