Energy,Sigma_total,Sigma_partial,Sigma_full
1.4006666666666667,0.37699111843077515,0.0,0.37699111843077515
