Energy,Sigma_total,Sigma_partial,Sigma_full
2.5693333333333332,0.031415926535897934,0.015707963267948967,0.015707963267948967
