Energy,Sigma_total,Sigma_single,Sigma_double
1.26,1.2566370614359172,0.37699111843077515,0.8796459430051421
