Energy,Sigma_total,Sigma_single,Sigma_double
0.6799999999999999,3.675663404700058,0.8482300164692441,2.827433388230814
