Energy,Sigma_total,Sigma_single,Sigma_double
0.4866666666666667,4.523893421169302,2.5446900494077322,1.9792033717615698
