Energy,Sigma_total,Sigma_single,Sigma_double
0.29333333333333333,5.937610115284709,2.827433388230814,3.1101767270538954
