Energy,Sigma_total,Sigma_single,Sigma_double
0.1,16.964600329384883,5.0893800988154645,11.875220230569418
